epoch,time,train/box_loss,train/cls_loss,train/dfl_loss,metrics/precision(B),metrics/recall(B),metrics/mAP50(B),metrics/mAP50-95(B),val/box_loss,val/cls_loss,val/dfl_loss,lr/pg0,lr/pg1,lr/pg2
1,12.6407,0.99465,1.98144,1.05174,0.98348,1,0.995,0.81253,0.71716,2.56399,0.81143,0.00065,0.00065,0.00065
2,21.4482,0.79424,1.17201,0.92187,0.99291,0.87538,0.99105,0.57061,1.01063,2.35766,0.96154,0.00131341,0.00131341,0.00131341
3,30.0945,0.79314,0.98634,0.9415,0.95378,0.9875,0.99219,0.76273,0.85524,1.43642,1.11289,0.00197352,0.00197352,0.00197352
4,38.6523,0.77432,0.87065,0.93079,0.99899,1,0.995,0.77247,0.76241,1.25573,0.98646,0.00198515,0.00198515,0.00198515
5,47.2809,0.75029,0.76578,0.92521,0.09065,0.375,0.05019,0.03398,1.59178,21.6653,1.7284,0.0019802,0.0019802,0.0019802
6,55.8552,0.73637,0.69556,0.90143,1,0.99987,0.995,0.87368,0.61568,0.71922,0.9459,0.00197525,0.00197525,0.00197525
7,64.5114,0.68327,0.60555,0.90034,0.94559,1,0.99394,0.82278,0.63328,0.88436,0.93199,0.0019703,0.0019703,0.0019703
8,73.0917,0.60053,0.53552,0.8758,0.99902,1,0.995,0.88868,0.55047,0.5332,0.87505,0.00196535,0.00196535,0.00196535
9,81.7794,0.57141,0.49825,0.86809,0.99948,1,0.995,0.8919,0.5182,0.4422,0.85283,0.0019604,0.0019604,0.0019604
10,90.3821,0.58716,0.46871,0.87918,0.99937,1,0.995,0.84924,0.55248,0.47034,0.91156,0.00195545,0.00195545,0.00195545
11,98.9633,0.61074,0.47483,0.89516,0.99946,1,0.995,0.9183,0.5165,0.47332,0.89854,0.0019505,0.0019505,0.0019505
12,107.636,0.59886,0.47186,0.89662,0.00162,0.3875,0.02504,0.00284,4.23411,3.16542,2.94746,0.00194555,0.00194555,0.00194555
13,116.263,0.56979,0.45011,0.88713,0.99947,1,0.995,0.84807,0.60276,0.42114,0.85896,0.0019406,0.0019406,0.0019406
14,124.762,0.56874,0.43408,0.88619,0.99957,1,0.995,0.92515,0.45647,0.36579,0.84438,0.00193565,0.00193565,0.00193565
15,133.283,0.54578,0.40602,0.8666,0.9983,1,0.995,0.93011,0.41009,0.37338,0.86715,0.0019307,0.0019307,0.0019307
16,141.83,0.52174,0.39391,0.86263,0.99964,1,0.995,0.92669,0.47797,0.35014,0.84904,0.00192575,0.00192575,0.00192575
17,150.387,0.49217,0.37207,0.86532,0.99964,1,0.995,0.89557,0.50931,0.325,0.98127,0.0019208,0.0019208,0.0019208
18,158.918,0.51992,0.38678,0.86589,0.99964,1,0.995,0.91827,0.49301,0.34605,0.92129,0.00191585,0.00191585,0.00191585
19,167.432,0.49324,0.3671,0.85393,0.99963,1,0.995,0.90291,0.4936,0.36043,0.87472,0.0019109,0.0019109,0.0019109
20,175.981,0.48726,0.36124,0.85002,0.9996,1,0.995,0.90298,0.47713,0.3312,0.86367,0.00190595,0.00190595,0.00190595
21,184.578,0.50164,0.37208,0.84639,0.99963,1,0.995,0.94725,0.35979,0.28258,0.82512,0.001901,0.001901,0.001901
22,193.141,0.4844,0.36279,0.85762,0.99961,1,0.995,0.92609,0.48722,0.3057,0.85117,0.00189605,0.00189605,0.00189605
23,201.815,0.49347,0.36963,0.85897,0.99954,1,0.995,0.94428,0.33328,0.27261,0.83974,0.0018911,0.0018911,0.0018911
24,210.645,0.46699,0.34818,0.85622,0.99964,1,0.995,0.95688,0.3604,0.29291,0.84111,0.00188615,0.00188615,0.00188615
25,219.414,0.47731,0.35571,0.85323,0.99963,1,0.995,0.88677,0.4988,0.33018,0.87697,0.0018812,0.0018812,0.0018812
26,228.099,0.48412,0.36363,0.85193,0.99955,1,0.995,0.89317,0.4494,0.30711,0.84933,0.00187625,0.00187625,0.00187625
27,236.848,0.48008,0.35814,0.86506,0.99861,1,0.995,0.90001,0.46754,0.37353,0.89335,0.0018713,0.0018713,0.0018713
28,245.341,0.49389,0.36329,0.85651,0.99961,1,0.995,0.92395,0.43426,0.30194,0.84401,0.00186635,0.00186635,0.00186635
29,253.833,0.48075,0.35353,0.8538,0.99633,1,0.995,0.86908,0.54976,0.39558,0.92129,0.0018614,0.0018614,0.0018614
30,262.324,0.4708,0.34398,0.84871,0.99918,1,0.995,0.95241,0.36776,0.27219,0.83237,0.00185645,0.00185645,0.00185645
31,270.883,0.47383,0.33928,0.86057,0.99964,1,0.995,0.94648,0.35368,0.25342,0.83022,0.0018515,0.0018515,0.0018515
32,279.521,0.45309,0.33575,0.84332,0.99949,1,0.995,0.93502,0.37797,0.30401,0.85782,0.00184655,0.00184655,0.00184655
33,288.275,0.45122,0.33455,0.85095,0.99959,1,0.995,0.92312,0.45016,0.28126,0.85632,0.0018416,0.0018416,0.0018416
34,296.998,0.43763,0.32549,0.84794,0.99961,1,0.995,0.96328,0.36415,0.26073,0.83786,0.00183665,0.00183665,0.00183665
35,305.616,0.45221,0.32924,0.86222,0.99963,1,0.995,0.90104,0.40472,0.28113,0.83723,0.0018317,0.0018317,0.0018317
36,314.281,0.45365,0.33122,0.84566,0.99963,1,0.995,0.93396,0.36312,0.25698,0.82427,0.00182675,0.00182675,0.00182675
37,322.968,0.42682,0.31788,0.84886,0.99961,1,0.995,0.96512,0.30266,0.22917,0.82151,0.0018218,0.0018218,0.0018218
38,331.587,0.42284,0.31498,0.84522,0.99963,1,0.995,0.95834,0.33785,0.248,0.81524,0.00181685,0.00181685,0.00181685
39,340.168,0.40374,0.30729,0.83463,0.99964,1,0.995,0.9717,0.29913,0.21299,0.81617,0.0018119,0.0018119,0.0018119
40,348.753,0.45754,0.30965,0.83904,0.99963,1,0.995,0.94267,0.37637,0.26946,0.81292,0.00180695,0.00180695,0.00180695
41,357.421,0.44703,0.31929,0.8468,0.99964,1,0.995,0.93249,0.34179,0.24632,0.83273,0.001802,0.001802,0.001802
42,366.059,0.44992,0.31972,0.84888,0.99964,1,0.995,0.96391,0.33812,0.22728,0.82745,0.00179705,0.00179705,0.00179705
43,374.652,0.46461,0.32928,0.85343,0.99964,1,0.995,0.9413,0.36933,0.26341,0.81567,0.0017921,0.0017921,0.0017921
44,383.227,0.44578,0.32208,0.8496,0.99963,1,0.995,0.96889,0.34197,0.27798,0.81839,0.00178715,0.00178715,0.00178715
45,391.82,0.41069,0.30152,0.84442,0.99964,1,0.995,0.97362,0.27536,0.22264,0.81186,0.0017822,0.0017822,0.0017822
46,400.363,0.44923,0.30344,0.85122,0.99963,1,0.995,0.92917,0.45328,0.312,0.99051,0.00177725,0.00177725,0.00177725
47,408.936,0.46018,0.32085,0.85777,0.99964,1,0.995,0.96494,0.28424,0.21964,0.81641,0.0017723,0.0017723,0.0017723
48,417.529,0.41447,0.30484,0.84488,0.99955,1,0.995,0.95408,0.30998,0.23218,0.81734,0.00176735,0.00176735,0.00176735
49,426.088,0.38881,0.30415,0.84134,0.99958,1,0.995,0.95199,0.29873,0.21387,0.81751,0.0017624,0.0017624,0.0017624
50,434.704,0.3992,0.29408,0.84448,0.99963,1,0.995,0.95404,0.297,0.20858,0.81348,0.00175745,0.00175745,0.00175745
51,443.281,0.37915,0.28347,0.83826,0.99963,1,0.995,0.97901,0.26432,0.20563,0.80778,0.0017525,0.0017525,0.0017525
52,451.947,0.38883,0.28821,0.83959,0.99964,1,0.995,0.95238,0.32601,0.25688,0.82381,0.00174755,0.00174755,0.00174755
53,460.634,0.39988,0.29475,0.83609,0.99962,1,0.995,0.96597,0.28863,0.21761,0.81222,0.0017426,0.0017426,0.0017426
54,469.245,0.40869,0.29916,0.82977,0.99964,1,0.995,0.94743,0.33154,0.24131,0.81422,0.00173765,0.00173765,0.00173765
55,477.819,0.40625,0.29822,0.84061,0.99966,1,0.995,0.97434,0.29383,0.21897,0.82777,0.0017327,0.0017327,0.0017327
56,486.366,0.36426,0.2752,0.8328,0.99965,1,0.995,0.97819,0.28418,0.22329,0.80333,0.00172775,0.00172775,0.00172775
57,494.949,0.40726,0.29091,0.84554,0.99965,1,0.995,0.95593,0.34317,0.2426,0.82272,0.0017228,0.0017228,0.0017228
58,503.551,0.37765,0.28569,0.83956,0.99965,1,0.995,0.96122,0.27049,0.21015,0.80868,0.00171785,0.00171785,0.00171785
59,512.118,0.37854,0.28092,0.83209,0.99961,1,0.995,0.97695,0.28852,0.21909,0.81002,0.0017129,0.0017129,0.0017129
60,520.634,0.38658,0.28599,0.83309,0.99963,1,0.995,0.97588,0.27888,0.2056,0.81304,0.00170795,0.00170795,0.00170795
61,529.265,0.37704,0.27265,0.83964,0.99962,1,0.995,0.95757,0.33295,0.20872,0.82221,0.001703,0.001703,0.001703
62,537.938,0.37658,0.27267,0.8387,0.99964,1,0.995,0.96576,0.27683,0.20036,0.79848,0.00169805,0.00169805,0.00169805
63,546.563,0.36217,0.26622,0.82941,0.99965,1,0.995,0.98112,0.2651,0.21353,0.8032,0.0016931,0.0016931,0.0016931
64,555.222,0.35826,0.26602,0.82855,0.99966,1,0.995,0.96869,0.2788,0.21419,0.80381,0.00168815,0.00168815,0.00168815
65,563.806,0.36837,0.27564,0.82587,0.99965,1,0.995,0.96018,0.31259,0.22049,0.79835,0.0016832,0.0016832,0.0016832
66,572.586,0.35528,0.27207,0.82709,0.99943,1,0.995,0.98132,0.27957,0.18727,0.80849,0.00167825,0.00167825,0.00167825
67,581.567,0.37003,0.27146,0.83598,0.99965,1,0.995,0.96453,0.30906,0.21707,0.82487,0.0016733,0.0016733,0.0016733
68,590.61,0.35118,0.25927,0.82689,0.99961,1,0.995,0.97364,0.24861,0.18204,0.79487,0.00166835,0.00166835,0.00166835
69,599.267,0.36201,0.26545,0.82589,0.99966,1,0.995,0.96427,0.28495,0.20806,0.8042,0.0016634,0.0016634,0.0016634
70,607.785,0.35031,0.25858,0.82252,0.99966,1,0.995,0.97085,0.24731,0.23729,0.7957,0.00165845,0.00165845,0.00165845
71,616.343,0.33136,0.24898,0.82297,0.99965,1,0.995,0.96654,0.30051,0.2203,0.81891,0.0016535,0.0016535,0.0016535
72,624.867,0.35556,0.2653,0.82919,1,1,0.995,0.95861,0.30552,0.21385,0.80261,0.00164855,0.00164855,0.00164855
73,633.577,0.34669,0.25526,0.82627,0.99965,1,0.995,0.96499,0.26628,0.19652,0.80136,0.0016436,0.0016436,0.0016436
74,642.305,0.34266,0.25606,0.82742,0.99964,1,0.995,0.98198,0.26201,0.19343,0.80361,0.00163865,0.00163865,0.00163865
75,651.037,0.33026,0.25043,0.8302,0.99965,1,0.995,0.96291,0.26281,0.18461,0.80016,0.0016337,0.0016337,0.0016337
76,659.625,0.33983,0.25246,0.82249,0.99964,1,0.995,0.98504,0.27637,0.17235,0.81494,0.00162875,0.00162875,0.00162875
77,668.115,0.36862,0.26816,0.83791,0.99965,1,0.995,0.98662,0.24705,0.17685,0.80622,0.0016238,0.0016238,0.0016238
78,676.61,0.34073,0.25319,0.82529,0.99965,1,0.995,0.98994,0.21001,0.16555,0.79683,0.00161885,0.00161885,0.00161885
79,685.15,0.33702,0.25209,0.83381,0.99965,1,0.995,0.98426,0.242,0.19663,0.79761,0.0016139,0.0016139,0.0016139
80,693.731,0.35727,0.25882,0.83348,0.9996,1,0.995,0.9755,0.25013,0.18459,0.79806,0.00160895,0.00160895,0.00160895
81,702.311,0.34005,0.24822,0.83151,0.99946,1,0.995,0.98456,0.25419,0.20136,0.80691,0.001604,0.001604,0.001604
82,710.934,0.34989,0.24954,0.82335,0.99965,1,0.995,0.98273,0.25586,0.2338,0.80591,0.00159905,0.00159905,0.00159905
83,719.54,0.34484,0.25841,0.83362,0.99966,1,0.995,0.97103,0.26816,0.19875,0.80347,0.0015941,0.0015941,0.0015941
84,728.113,0.35206,0.26252,0.82712,0.99965,1,0.995,0.97109,0.26313,0.21217,0.7972,0.00158915,0.00158915,0.00158915
85,736.674,0.35295,0.26528,0.83947,0.99965,1,0.995,0.98463,0.27301,0.21289,0.80873,0.0015842,0.0015842,0.0015842
86,745.199,0.32243,0.23931,0.82447,1,1,0.995,0.98154,0.23827,0.21051,0.79886,0.00157925,0.00157925,0.00157925
87,753.687,0.33165,0.24426,0.82984,0.99966,1,0.995,0.96783,0.28657,0.20539,0.80241,0.0015743,0.0015743,0.0015743
88,762.236,0.34091,0.2514,0.83006,0.99965,1,0.995,0.98864,0.22903,0.17661,0.79936,0.00156935,0.00156935,0.00156935
89,770.768,0.32984,0.24512,0.82604,0.99965,1,0.995,0.97958,0.26119,0.20639,0.80284,0.0015644,0.0015644,0.0015644
90,779.342,0.33272,0.24201,0.82507,0.99965,1,0.995,0.97567,0.26333,0.18947,0.80485,0.00155945,0.00155945,0.00155945
91,787.915,0.32301,0.24279,0.8218,0.99965,1,0.995,0.98172,0.21387,0.15312,0.79191,0.0015545,0.0015545,0.0015545
92,796.462,0.31693,0.23866,0.82631,0.99965,1,0.995,0.96847,0.26138,0.19146,0.79907,0.00154955,0.00154955,0.00154955
93,805.027,0.33176,0.24911,0.83425,0.99966,1,0.995,0.99122,0.22857,0.15977,0.79786,0.0015446,0.0015446,0.0015446
94,813.723,0.33224,0.24278,0.82365,0.99965,1,0.995,0.98198,0.25676,0.19271,0.79663,0.00153965,0.00153965,0.00153965
95,822.36,0.34145,0.24659,0.82739,0.99965,1,0.995,0.94665,0.26826,0.20572,0.79504,0.0015347,0.0015347,0.0015347
96,830.959,0.3297,0.24023,0.8178,0.99966,1,0.995,0.98425,0.24293,0.18313,0.8022,0.00152975,0.00152975,0.00152975
97,839.545,0.3235,0.23969,0.82244,0.99965,1,0.995,0.98695,0.22006,0.18234,0.79663,0.0015248,0.0015248,0.0015248
98,848.083,0.32669,0.23293,0.8292,0.99966,1,0.995,0.98309,0.24476,0.17077,0.79869,0.00151985,0.00151985,0.00151985
99,856.605,0.34049,0.24091,0.81911,0.99965,1,0.995,0.97186,0.23414,0.184,0.79507,0.0015149,0.0015149,0.0015149
100,865.171,0.32215,0.23828,0.81875,0.99966,1,0.995,0.99137,0.20385,0.15887,0.79403,0.00150995,0.00150995,0.00150995
101,873.749,0.33456,0.24149,0.82131,0.99965,1,0.995,0.9894,0.22688,0.18718,0.79581,0.001505,0.001505,0.001505
102,882.336,0.31709,0.23385,0.81811,0.99966,1,0.995,0.97793,0.23773,0.17765,0.79341,0.00150005,0.00150005,0.00150005
103,890.846,0.30869,0.22683,0.81472,0.99966,1,0.995,0.96747,0.24795,0.18035,0.79423,0.0014951,0.0014951,0.0014951
104,899.433,0.30155,0.22652,0.82228,0.99966,1,0.995,0.98929,0.21375,0.16176,0.79009,0.00149015,0.00149015,0.00149015
105,908.007,0.30265,0.21811,0.81761,0.99966,1,0.995,0.98669,0.21928,0.16912,0.79073,0.0014852,0.0014852,0.0014852
106,916.642,0.32,0.23995,0.8247,0.99966,1,0.995,0.98472,0.22611,0.1787,0.79445,0.00148025,0.00148025,0.00148025
107,925.269,0.30182,0.2216,0.82152,0.99966,1,0.995,0.98434,0.21312,0.15782,0.78983,0.0014753,0.0014753,0.0014753
108,934.018,0.31046,0.22719,0.82167,0.99965,1,0.995,0.98904,0.23007,0.19091,0.7906,0.00147035,0.00147035,0.00147035
109,942.735,0.30421,0.22781,0.8178,0.99965,1,0.995,0.9847,0.21791,0.16235,0.79192,0.0014654,0.0014654,0.0014654
110,951.589,0.31323,0.22686,0.82871,0.99966,1,0.995,0.98994,0.23214,0.16196,0.80194,0.00146045,0.00146045,0.00146045
111,960.15,0.30798,0.22701,0.82948,0.99966,1,0.995,0.97886,0.24112,0.17772,0.79699,0.0014555,0.0014555,0.0014555
112,968.642,0.29646,0.22495,0.82025,0.99966,1,0.995,0.98488,0.21682,0.17876,0.79502,0.00145055,0.00145055,0.00145055
113,977.125,0.29756,0.22544,0.82295,1,1,0.995,0.98225,0.21633,0.17996,0.79055,0.0014456,0.0014456,0.0014456
114,985.654,0.2975,0.21621,0.81685,0.99966,1,0.995,0.98621,0.24012,0.17569,0.79311,0.00144065,0.00144065,0.00144065
115,994.339,0.33037,0.23646,0.82344,0.99966,1,0.995,0.98841,0.22008,0.16756,0.78691,0.0014357,0.0014357,0.0014357
116,1003.06,0.3045,0.22158,0.82234,0.99966,1,0.995,0.99132,0.19645,0.14928,0.78948,0.00143075,0.00143075,0.00143075
117,1011.73,0.30231,0.22369,0.81944,0.99966,1,0.995,0.98292,0.20373,0.16702,0.7894,0.0014258,0.0014258,0.0014258
118,1020.33,0.30461,0.22245,0.82149,0.99966,1,0.995,0.98801,0.23399,0.17472,0.79639,0.00142085,0.00142085,0.00142085
119,1028.88,0.318,0.23603,0.82039,0.99965,1,0.995,0.99095,0.21825,0.16777,0.7907,0.0014159,0.0014159,0.0014159
120,1037.39,0.303,0.21586,0.82301,0.99966,1,0.995,0.98261,0.21316,0.14313,0.78813,0.00141095,0.00141095,0.00141095
121,1045.9,0.31493,0.22595,0.82874,0.99966,1,0.995,0.97345,0.26136,0.1802,0.79524,0.001406,0.001406,0.001406
122,1054.49,0.31572,0.2259,0.82769,1,1,0.995,0.98738,0.20727,0.15874,0.7901,0.00140105,0.00140105,0.00140105
123,1063.09,0.29511,0.2223,0.81744,0.99966,1,0.995,0.98858,0.20837,0.17291,0.79277,0.0013961,0.0013961,0.0013961
124,1071.63,0.29463,0.21876,0.82074,0.99965,1,0.995,0.98357,0.21024,0.16634,0.79004,0.00139115,0.00139115,0.00139115
125,1080.24,0.29585,0.21788,0.82473,0.99965,1,0.995,0.98218,0.24104,0.16394,0.79503,0.0013862,0.0013862,0.0013862
126,1088.84,0.28936,0.21366,0.82159,0.99966,1,0.995,0.98257,0.2246,0.155,0.79949,0.00138125,0.00138125,0.00138125
127,1097.38,0.30441,0.21767,0.82082,0.99965,1,0.995,0.98764,0.20841,0.1534,0.79027,0.0013763,0.0013763,0.0013763
128,1105.95,0.30168,0.21635,0.82195,1,1,0.995,0.98282,0.23064,0.15905,0.79052,0.00137135,0.00137135,0.00137135
129,1114.51,0.31193,0.22355,0.82274,0.99966,1,0.995,0.98363,0.22975,0.17522,0.79183,0.0013664,0.0013664,0.0013664
130,1123.06,0.30473,0.22109,0.81938,0.99966,1,0.995,0.98891,0.19734,0.15145,0.79266,0.00136145,0.00136145,0.00136145
131,1131.57,0.30167,0.21919,0.81673,0.99965,1,0.995,0.98402,0.22908,0.17017,0.79145,0.0013565,0.0013565,0.0013565
132,1140.18,0.29963,0.21843,0.82148,0.99963,1,0.995,0.98922,0.21759,0.16365,0.79215,0.00135155,0.00135155,0.00135155
133,1148.76,0.29724,0.21745,0.81872,0.99965,1,0.995,0.98905,0.21124,0.17498,0.79387,0.0013466,0.0013466,0.0013466
134,1157.3,0.29761,0.21292,0.82124,0.9996,1,0.995,0.9928,0.20195,0.15701,0.78743,0.00134165,0.00134165,0.00134165
135,1165.85,0.28884,0.20643,0.81491,0.99966,1,0.995,0.98513,0.20483,0.15597,0.78891,0.0013367,0.0013367,0.0013367
136,1174.45,0.2851,0.20838,0.81485,0.99967,1,0.995,0.98262,0.24864,0.18994,0.79388,0.00133175,0.00133175,0.00133175
137,1182.99,0.28622,0.20967,0.81909,0.99966,1,0.995,0.99021,0.20413,0.15816,0.79149,0.0013268,0.0013268,0.0013268
138,1191.59,0.2823,0.20468,0.81477,0.99965,1,0.995,0.98971,0.21132,0.15343,0.78838,0.00132185,0.00132185,0.00132185
139,1200.19,0.28897,0.21429,0.81564,0.99965,1,0.995,0.98635,0.20226,0.14389,0.78925,0.0013169,0.0013169,0.0013169
140,1208.73,0.27844,0.20413,0.82459,0.99965,1,0.995,0.99235,0.20029,0.14326,0.78881,0.00131195,0.00131195,0.00131195
141,1217.24,0.27792,0.20317,0.81482,0.99966,1,0.995,0.97569,0.23716,0.14565,0.78967,0.001307,0.001307,0.001307
142,1225.76,0.28007,0.20634,0.82418,0.99966,1,0.995,0.98988,0.20808,0.15908,0.79018,0.00130205,0.00130205,0.00130205
143,1234.26,0.29195,0.21656,0.82048,0.99966,1,0.995,0.99143,0.21217,0.16246,0.78849,0.0012971,0.0012971,0.0012971
144,1242.8,0.28344,0.21076,0.81802,0.99966,1,0.995,0.98946,0.21658,0.16154,0.79769,0.00129215,0.00129215,0.00129215
145,1251.32,0.28441,0.21546,0.81802,0.99966,1,0.995,0.98641,0.2317,0.16728,0.79258,0.0012872,0.0012872,0.0012872
146,1259.9,0.30061,0.21629,0.82022,1,1,0.995,0.98565,0.21207,0.16874,0.79068,0.00128225,0.00128225,0.00128225
147,1268.48,0.29044,0.21541,0.81904,0.99966,1,0.995,0.97338,0.22867,0.17317,0.78903,0.0012773,0.0012773,0.0012773
148,1277.02,0.28263,0.20648,0.81687,0.99966,1,0.995,0.98278,0.23107,0.16647,0.7911,0.00127235,0.00127235,0.00127235
149,1285.68,0.28094,0.2091,0.82072,0.99966,1,0.995,0.99135,0.19806,0.1401,0.78745,0.0012674,0.0012674,0.0012674
150,1294.52,0.28421,0.20429,0.82407,1,1,0.995,0.98448,0.19823,0.13989,0.78792,0.00126245,0.00126245,0.00126245
151,1303.44,0.29077,0.21465,0.82165,0.99966,1,0.995,0.98833,0.21456,0.16746,0.79438,0.0012575,0.0012575,0.0012575
152,1312.23,0.30184,0.21424,0.81299,0.99963,1,0.995,0.9886,0.19547,0.14782,0.79181,0.00125255,0.00125255,0.00125255
153,1320.84,0.27609,0.20775,0.81624,0.99966,1,0.995,0.98641,0.20278,0.1639,0.78931,0.0012476,0.0012476,0.0012476
154,1329.37,0.27468,0.2014,0.81941,0.99966,1,0.995,0.99047,0.20636,0.15597,0.78827,0.00124265,0.00124265,0.00124265
155,1337.88,0.28531,0.20849,0.81687,0.99966,1,0.995,0.98997,0.2079,0.14343,0.78886,0.0012377,0.0012377,0.0012377
156,1346.38,0.30099,0.21226,0.82357,0.99966,1,0.995,0.98887,0.22208,0.14988,0.79167,0.00123275,0.00123275,0.00123275
157,1355.04,0.28021,0.20301,0.81741,0.99966,1,0.995,0.98919,0.204,0.15291,0.79077,0.0012278,0.0012278,0.0012278
158,1363.7,0.27135,0.19919,0.81034,1,1,0.995,0.98691,0.21487,0.14403,0.79081,0.00122285,0.00122285,0.00122285
159,1372.34,0.28017,0.21007,0.81761,0.99966,1,0.995,0.98178,0.21057,0.15084,0.78955,0.0012179,0.0012179,0.0012179
160,1380.87,0.27571,0.20627,0.81769,0.99966,1,0.995,0.99367,0.19188,0.14846,0.78535,0.00121295,0.00121295,0.00121295
161,1389.41,0.27882,0.20457,0.81405,0.99966,1,0.995,0.98996,0.19118,0.13012,0.78528,0.001208,0.001208,0.001208
162,1397.91,0.27289,0.20118,0.81957,0.99967,1,0.995,0.994,0.17118,0.1169,0.78441,0.00120305,0.00120305,0.00120305
163,1406.41,0.26614,0.20083,0.81577,0.99966,1,0.995,0.99211,0.18951,0.12204,0.78484,0.0011981,0.0011981,0.0011981
164,1414.98,0.2872,0.20953,0.8237,1,1,0.995,0.98815,0.21213,0.14709,0.79142,0.00119315,0.00119315,0.00119315
165,1423.51,0.28934,0.2149,0.81797,0.99967,1,0.995,0.99383,0.19237,0.1409,0.78798,0.0011882,0.0011882,0.0011882
166,1432.1,0.26121,0.19579,0.81296,0.99966,1,0.995,0.9908,0.18789,0.13615,0.78681,0.00118325,0.00118325,0.00118325
167,1440.69,0.26428,0.20113,0.81588,0.99966,1,0.995,0.98506,0.19793,0.14522,0.7868,0.0011783,0.0011783,0.0011783
168,1449.33,0.28329,0.20844,0.81562,0.99966,1,0.995,0.98266,0.22209,0.14739,0.7952,0.00117335,0.00117335,0.00117335
169,1457.93,0.28513,0.20859,0.81562,0.99959,1,0.995,0.97898,0.24573,0.1664,0.79772,0.0011684,0.0011684,0.0011684
170,1466.52,0.28965,0.21499,0.81852,0.9995,1,0.995,0.97604,0.21692,0.17388,0.79222,0.00116345,0.00116345,0.00116345
171,1475.06,0.27884,0.20628,0.81917,0.99966,1,0.995,0.98049,0.21165,0.15555,0.79166,0.0011585,0.0011585,0.0011585
172,1483.61,0.27541,0.20262,0.81723,1,1,0.995,0.98752,0.21783,0.15569,0.79429,0.00115355,0.00115355,0.00115355
173,1492.11,0.28095,0.2047,0.81659,0.99967,1,0.995,0.9933,0.18537,0.12529,0.78593,0.0011486,0.0011486,0.0011486
174,1500.58,0.26882,0.1916,0.81925,0.99966,1,0.995,0.98623,0.21268,0.13243,0.78649,0.00114365,0.00114365,0.00114365
175,1509.12,0.2751,0.19289,0.81821,1,1,0.995,0.99291,0.19555,0.13881,0.79071,0.0011387,0.0011387,0.0011387
176,1517.72,0.26564,0.19429,0.81182,0.99966,1,0.995,0.98611,0.21329,0.13126,0.78619,0.00113375,0.00113375,0.00113375
177,1526.29,0.27126,0.19902,0.81937,0.99966,1,0.995,0.98879,0.21531,0.13287,0.78785,0.0011288,0.0011288,0.0011288
178,1534.87,0.28042,0.21139,0.81596,0.9996,1,0.995,0.98369,0.2188,0.1484,0.7876,0.00112385,0.00112385,0.00112385
179,1543.46,0.27874,0.20096,0.81769,0.99965,1,0.995,0.99121,0.20337,0.14563,0.79,0.0011189,0.0011189,0.0011189
180,1552.11,0.25762,0.18542,0.81471,0.99966,1,0.995,0.98862,0.19285,0.1359,0.78822,0.00111395,0.00111395,0.00111395
181,1560.67,0.27053,0.19623,0.80702,0.99964,1,0.995,0.98812,0.18595,0.13393,0.78393,0.001109,0.001109,0.001109
182,1569.2,0.26741,0.20086,0.81654,0.99966,1,0.995,0.9914,0.19953,0.15933,0.78955,0.00110405,0.00110405,0.00110405
183,1577.71,0.26561,0.19465,0.80881,0.99966,1,0.995,0.98538,0.21095,0.14425,0.78985,0.0010991,0.0010991,0.0010991
184,1586.22,0.27448,0.20213,0.82391,0.99966,1,0.995,0.98761,0.18285,0.13865,0.78585,0.00109415,0.00109415,0.00109415
185,1594.81,0.27682,0.20065,0.81218,1,1,0.995,0.99156,0.20504,0.17307,0.79186,0.0010892,0.0010892,0.0010892
186,1603.33,0.26061,0.18969,0.81705,0.99966,1,0.995,0.99204,0.18116,0.12522,0.78509,0.00108425,0.00108425,0.00108425
187,1611.87,0.27481,0.20411,0.81379,0.99966,1,0.995,0.9932,0.18244,0.13487,0.78558,0.0010793,0.0010793,0.0010793
188,1621.6,0.26976,0.19781,0.81636,0.99966,1,0.995,0.98561,0.21917,0.13868,0.7861,0.00107435,0.00107435,0.00107435
189,1631.02,0.26839,0.191,0.81133,1,1,0.995,0.99156,0.18564,0.12826,0.78425,0.0010694,0.0010694,0.0010694
190,1641.82,0.25291,0.18528,0.816,0.99967,1,0.995,0.99277,0.18024,0.1253,0.78647,0.00106445,0.00106445,0.00106445
191,1652.71,0.25299,0.18405,0.80782,0.99966,1,0.995,0.98998,0.18582,0.13015,0.78878,0.0010595,0.0010595,0.0010595
192,1663.65,0.28252,0.20179,0.81941,0.99966,1,0.995,0.99055,0.21378,0.14958,0.78828,0.00105455,0.00105455,0.00105455
193,1674.52,0.27076,0.20097,0.81958,0.99966,1,0.995,0.99266,0.18133,0.13091,0.7864,0.0010496,0.0010496,0.0010496
194,1685.52,0.26666,0.19298,0.81137,0.99966,1,0.995,0.97972,0.23799,0.15333,0.7935,0.00104465,0.00104465,0.00104465
195,1696.42,0.26554,0.18756,0.80743,0.99967,1,0.995,0.989,0.18613,0.11918,0.79003,0.0010397,0.0010397,0.0010397
196,1707.23,0.26066,0.18608,0.81511,0.99966,1,0.995,0.99288,0.18716,0.12706,0.78723,0.00103475,0.00103475,0.00103475
197,1718.02,0.23652,0.17412,0.81083,0.99966,1,0.995,0.99262,0.17308,0.11954,0.78302,0.0010298,0.0010298,0.0010298
198,1728.99,0.2403,0.18007,0.80519,0.99966,1,0.995,0.99273,0.1783,0.12235,0.78375,0.00102485,0.00102485,0.00102485
199,1739.82,0.25358,0.19003,0.81084,0.99966,1,0.995,0.99311,0.19177,0.1423,0.78758,0.0010199,0.0010199,0.0010199
200,1750.64,0.26132,0.19179,0.80633,1,1,0.995,0.99063,0.20476,0.13437,0.78543,0.00101495,0.00101495,0.00101495
201,1761.58,0.25609,0.18883,0.8116,0.99966,1,0.995,0.99251,0.19162,0.12493,0.78815,0.00101,0.00101,0.00101
202,1772.39,0.25365,0.18565,0.81089,1,1,0.995,0.98845,0.18506,0.12905,0.78359,0.00100505,0.00100505,0.00100505
203,1783.3,0.25402,0.18741,0.81318,1,1,0.995,0.99112,0.19587,0.1418,0.78708,0.0010001,0.0010001,0.0010001
204,1794.23,0.2743,0.20123,0.81793,0.99966,1,0.995,0.99046,0.21302,0.14384,0.79028,0.00099515,0.00099515,0.00099515
205,1805.06,0.25844,0.18861,0.81823,0.99966,1,0.995,0.9901,0.17952,0.12544,0.7859,0.0009902,0.0009902,0.0009902
206,1815.94,0.2645,0.18766,0.81894,1,1,0.995,0.99271,0.19171,0.12634,0.78572,0.00098525,0.00098525,0.00098525
207,1826.8,0.26009,0.1876,0.81202,0.99966,1,0.995,0.99259,0.19477,0.12526,0.78578,0.0009803,0.0009803,0.0009803
208,1837.68,0.25842,0.19127,0.81355,0.99966,1,0.995,0.99269,0.19313,0.14051,0.78824,0.00097535,0.00097535,0.00097535
209,1848.57,0.26608,0.18851,0.81113,1,1,0.995,0.98784,0.2089,0.14312,0.78943,0.0009704,0.0009704,0.0009704
210,1859.45,0.26585,0.1885,0.81875,0.99966,1,0.995,0.9881,0.19763,0.15048,0.78469,0.00096545,0.00096545,0.00096545
211,1870.52,0.26671,0.19122,0.81346,0.99966,1,0.995,0.99117,0.1846,0.13706,0.78483,0.0009605,0.0009605,0.0009605
212,1881.39,0.26183,0.18701,0.81605,1,1,0.995,0.99158,0.16844,0.12308,0.78334,0.00095555,0.00095555,0.00095555
213,1892.29,0.24588,0.18219,0.81074,0.99966,1,0.995,0.99191,0.18118,0.12176,0.78343,0.0009506,0.0009506,0.0009506
214,1903.13,0.24768,0.18287,0.81644,0.99967,1,0.995,0.99279,0.17765,0.12936,0.78319,0.00094565,0.00094565,0.00094565
215,1913.98,0.24492,0.17938,0.81357,0.99967,1,0.995,0.98685,0.20469,0.1272,0.78587,0.0009407,0.0009407,0.0009407
216,1924.84,0.24936,0.18229,0.81344,0.99966,1,0.995,0.99042,0.17788,0.11971,0.78351,0.00093575,0.00093575,0.00093575
217,1935.79,0.24389,0.18104,0.81341,1,1,0.995,0.99004,0.19,0.13475,0.78428,0.0009308,0.0009308,0.0009308
218,1946.64,0.25119,0.18283,0.81387,1,1,0.995,0.99054,0.19602,0.13731,0.78444,0.00092585,0.00092585,0.00092585
219,1957.48,0.26022,0.18511,0.81296,0.99966,1,0.995,0.99176,0.17029,0.12768,0.78278,0.0009209,0.0009209,0.0009209
220,1968.34,0.24838,0.18189,0.81015,0.99966,1,0.995,0.99328,0.18593,0.12805,0.78347,0.00091595,0.00091595,0.00091595
221,1979.19,0.24386,0.1809,0.80893,0.99966,1,0.995,0.98964,0.19142,0.14581,0.78579,0.000911,0.000911,0.000911
222,1990.09,0.25331,0.19015,0.80934,0.99967,1,0.995,0.99329,0.18246,0.15009,0.78251,0.00090605,0.00090605,0.00090605
223,1999.89,0.24348,0.17905,0.81769,0.99967,1,0.995,0.99272,0.16908,0.12327,0.78124,0.0009011,0.0009011,0.0009011
224,2008.45,0.2558,0.18636,0.81695,1,1,0.995,0.99098,0.18562,0.12072,0.78348,0.00089615,0.00089615,0.00089615
225,2017.16,0.25739,0.1864,0.80866,1,1,0.995,0.99348,0.17144,0.12454,0.78301,0.0008912,0.0008912,0.0008912
226,2025.88,0.2449,0.18464,0.8158,0.99966,1,0.995,0.99333,0.17316,0.12454,0.78302,0.00088625,0.00088625,0.00088625
227,2034.61,0.25082,0.18408,0.8114,1,1,0.995,0.99226,0.1862,0.13316,0.78231,0.0008813,0.0008813,0.0008813
228,2043.12,0.26043,0.18565,0.81903,0.99966,1,0.995,0.99214,0.17931,0.1245,0.78188,0.00087635,0.00087635,0.00087635
229,2051.63,0.24542,0.17658,0.81175,1,1,0.995,0.98612,0.19062,0.13142,0.7856,0.0008714,0.0008714,0.0008714
230,2060.13,0.24848,0.17374,0.81355,0.99967,1,0.995,0.99224,0.18232,0.1319,0.78213,0.00086645,0.00086645,0.00086645
231,2068.64,0.24318,0.1762,0.80015,0.99967,1,0.995,0.99025,0.18204,0.12826,0.78616,0.0008615,0.0008615,0.0008615
232,2077.25,0.23889,0.17978,0.81242,1,1,0.995,0.99434,0.17477,0.1304,0.78343,0.00085655,0.00085655,0.00085655
233,2085.89,0.2439,0.17585,0.81491,0.99967,1,0.995,0.99263,0.1718,0.12868,0.78118,0.0008516,0.0008516,0.0008516
234,2094.5,0.24564,0.1823,0.81047,0.99966,1,0.995,0.98834,0.18312,0.1337,0.78372,0.00084665,0.00084665,0.00084665
235,2103.03,0.23925,0.17726,0.81256,0.99967,1,0.995,0.99297,0.16197,0.11462,0.78125,0.0008417,0.0008417,0.0008417
236,2111.5,0.23533,0.17018,0.80743,0.99967,1,0.995,0.99404,0.17605,0.12363,0.78423,0.00083675,0.00083675,0.00083675
237,2120,0.24642,0.17977,0.81429,0.99966,1,0.995,0.98982,0.18293,0.12469,0.7867,0.0008318,0.0008318,0.0008318
238,2128.49,0.24997,0.18165,0.80851,1,1,0.995,0.99125,0.203,0.14089,0.78872,0.00082685,0.00082685,0.00082685
239,2137,0.24532,0.17636,0.80171,0.99966,1,0.995,0.99286,0.18202,0.12359,0.78456,0.0008219,0.0008219,0.0008219
240,2145.56,0.24009,0.17538,0.80748,0.99964,1,0.995,0.99068,0.1777,0.12314,0.78273,0.00081695,0.00081695,0.00081695
241,2154.08,0.23145,0.16911,0.81319,1,1,0.995,0.99282,0.17206,0.12026,0.78237,0.000812,0.000812,0.000812
242,2162.66,0.24395,0.17945,0.81556,1,1,0.995,0.99068,0.17566,0.13508,0.78378,0.00080705,0.00080705,0.00080705
243,2171.2,0.24568,0.17632,0.80774,0.99967,1,0.995,0.99353,0.16815,0.11764,0.78114,0.0008021,0.0008021,0.0008021
244,2179.8,0.2452,0.17315,0.81467,0.99967,1,0.995,0.99212,0.19151,0.12299,0.78316,0.00079715,0.00079715,0.00079715
245,2188.38,0.23984,0.17549,0.81396,1,1,0.995,0.99026,0.16841,0.11292,0.78187,0.0007922,0.0007922,0.0007922
246,2196.94,0.23622,0.17578,0.81166,0.99965,1,0.995,0.98209,0.18179,0.1321,0.78453,0.00078725,0.00078725,0.00078725
247,2205.49,0.24723,0.18313,0.81541,0.99966,1,0.995,0.99292,0.16635,0.11743,0.78177,0.0007823,0.0007823,0.0007823
248,2214,0.23624,0.17902,0.81487,1,1,0.995,0.99238,0.16703,0.12854,0.78174,0.00077735,0.00077735,0.00077735
249,2222.51,0.23492,0.17078,0.80697,0.99966,1,0.995,0.99368,0.17566,0.11777,0.78217,0.0007724,0.0007724,0.0007724
250,2231.08,0.25009,0.17734,0.81561,0.99967,1,0.995,0.98993,0.21937,0.14272,0.78303,0.00076745,0.00076745,0.00076745
251,2239.71,0.24845,0.18006,0.81581,0.99966,1,0.995,0.99289,0.17197,0.11995,0.78221,0.0007625,0.0007625,0.0007625
252,2248.33,0.23799,0.16989,0.81479,0.99966,1,0.995,0.99168,0.17129,0.12013,0.78463,0.00075755,0.00075755,0.00075755
253,2256.9,0.22581,0.16687,0.80942,0.99967,1,0.995,0.99382,0.1716,0.11574,0.78277,0.0007526,0.0007526,0.0007526
254,2265.51,0.24031,0.17435,0.80483,1,1,0.995,0.99239,0.19014,0.1248,0.78152,0.00074765,0.00074765,0.00074765
255,2274.09,0.23445,0.1796,0.81206,0.99966,1,0.995,0.99134,0.17736,0.12028,0.78144,0.0007427,0.0007427,0.0007427
256,2282.63,0.24616,0.18222,0.81105,0.99966,1,0.995,0.99017,0.19397,0.12155,0.7838,0.00073775,0.00073775,0.00073775
257,2291.15,0.2347,0.17058,0.80854,1,1,0.995,0.99023,0.18206,0.11697,0.78255,0.0007328,0.0007328,0.0007328
258,2299.69,0.22613,0.16677,0.80905,0.99967,1,0.995,0.99192,0.17607,0.11498,0.78246,0.00072785,0.00072785,0.00072785
259,2308.2,0.22896,0.16399,0.8185,0.99967,1,0.995,0.99358,0.17312,0.11337,0.78163,0.0007229,0.0007229,0.0007229
260,2316.71,0.23424,0.17157,0.81275,0.99967,1,0.995,0.99354,0.18094,0.12391,0.78233,0.00071795,0.00071795,0.00071795
261,2325.23,0.23332,0.17135,0.8104,0.99966,1,0.995,0.99367,0.16393,0.10955,0.78179,0.000713,0.000713,0.000713
262,2333.77,0.23041,0.16774,0.81409,0.99967,1,0.995,0.99212,0.16225,0.11313,0.78042,0.00070805,0.00070805,0.00070805
263,2342.34,0.22505,0.16431,0.81328,0.99966,1,0.995,0.99326,0.16998,0.11189,0.78068,0.0007031,0.0007031,0.0007031
264,2350.93,0.22738,0.16857,0.80216,0.99966,1,0.995,0.99257,0.16669,0.11973,0.78132,0.00069815,0.00069815,0.00069815
265,2359.53,0.22561,0.16821,0.80562,0.99967,1,0.995,0.99356,0.17057,0.12058,0.78036,0.0006932,0.0006932,0.0006932
266,2368.21,0.23179,0.16506,0.81251,0.99966,1,0.995,0.99161,0.17137,0.1202,0.78128,0.00068825,0.00068825,0.00068825
267,2376.98,0.23335,0.16503,0.80287,0.99966,1,0.995,0.99388,0.16455,0.12454,0.77867,0.0006833,0.0006833,0.0006833
268,2385.76,0.22375,0.15788,0.81488,0.99967,1,0.995,0.99483,0.15991,0.11796,0.77993,0.00067835,0.00067835,0.00067835
269,2394.62,0.23219,0.16613,0.81175,0.99966,1,0.995,0.99183,0.17214,0.12117,0.78149,0.0006734,0.0006734,0.0006734
270,2403.18,0.22992,0.16848,0.81204,0.99967,1,0.995,0.99403,0.17895,0.11344,0.7818,0.00066845,0.00066845,0.00066845
271,2411.72,0.23442,0.16709,0.81027,0.99966,1,0.995,0.99305,0.17041,0.11989,0.77993,0.0006635,0.0006635,0.0006635
272,2420.25,0.22985,0.16692,0.81193,0.99966,1,0.995,0.99331,0.16282,0.12618,0.77957,0.00065855,0.00065855,0.00065855
273,2428.87,0.22326,0.16415,0.8115,0.99965,1,0.995,0.9917,0.17159,0.11428,0.78127,0.0006536,0.0006536,0.0006536
274,2437.54,0.23503,0.17168,0.80248,0.99967,1,0.995,0.99293,0.173,0.11494,0.78031,0.00064865,0.00064865,0.00064865
275,2446.24,0.22823,0.16422,0.81416,0.99967,1,0.995,0.99161,0.1607,0.11311,0.78031,0.0006437,0.0006437,0.0006437
276,2454.86,0.22597,0.16475,0.80937,0.99967,1,0.995,0.9942,0.16329,0.11593,0.77967,0.00063875,0.00063875,0.00063875
277,2463.34,0.22313,0.1636,0.80972,0.99966,1,0.995,0.99069,0.16996,0.11954,0.77933,0.0006338,0.0006338,0.0006338
278,2471.83,0.23844,0.16956,0.8107,0.99965,1,0.995,0.9922,0.16627,0.11358,0.78271,0.00062885,0.00062885,0.00062885
279,2480.33,0.22051,0.16015,0.8166,0.99963,1,0.995,0.99245,0.16667,0.1164,0.7831,0.0006239,0.0006239,0.0006239
280,2488.85,0.21795,0.15845,0.80976,0.99967,1,0.995,0.99417,0.16891,0.1125,0.78094,0.00061895,0.00061895,0.00061895
281,2497.36,0.21747,0.15934,0.80789,1,1,0.995,0.99222,0.17166,0.12148,0.78153,0.000614,0.000614,0.000614
282,2505.94,0.23535,0.16772,0.80913,0.99966,1,0.995,0.99379,0.16468,0.11574,0.78008,0.00060905,0.00060905,0.00060905
283,2514.46,0.22397,0.161,0.79866,0.99967,1,0.995,0.99422,0.17462,0.12346,0.78173,0.0006041,0.0006041,0.0006041
284,2523,0.2227,0.16047,0.80444,0.99967,1,0.995,0.99326,0.17691,0.12028,0.78118,0.00059915,0.00059915,0.00059915
285,2531.54,0.22663,0.16364,0.80932,0.99967,1,0.995,0.99381,0.16217,0.11283,0.7816,0.0005942,0.0005942,0.0005942
286,2540.08,0.22906,0.16835,0.80935,0.99966,1,0.995,0.9923,0.1627,0.12174,0.78078,0.00058925,0.00058925,0.00058925
287,2548.62,0.23052,0.16898,0.8096,0.99966,1,0.995,0.9932,0.17261,0.12184,0.78395,0.0005843,0.0005843,0.0005843
288,2557.12,0.2265,0.16591,0.81194,1,1,0.995,0.99117,0.18016,0.12725,0.78365,0.00057935,0.00057935,0.00057935
289,2565.64,0.22007,0.15943,0.80751,1,1,0.995,0.99117,0.17623,0.12897,0.78129,0.0005744,0.0005744,0.0005744
290,2574.13,0.2182,0.15858,0.81381,0.99967,1,0.995,0.99412,0.16691,0.11391,0.78165,0.00056945,0.00056945,0.00056945
291,2582.71,0.22599,0.16612,0.81324,0.99967,1,0.995,0.99068,0.18396,0.11936,0.78347,0.0005645,0.0005645,0.0005645
292,2591.23,0.22366,0.15858,0.80479,0.99967,1,0.995,0.99383,0.17722,0.12447,0.78339,0.00055955,0.00055955,0.00055955
293,2600.11,0.22556,0.16199,0.80624,1,1,0.995,0.99157,0.16739,0.11378,0.78113,0.0005546,0.0005546,0.0005546
294,2608.91,0.21453,0.15823,0.80379,1,1,0.995,0.99371,0.15957,0.1085,0.77898,0.00054965,0.00054965,0.00054965
295,2617.56,0.23119,0.16265,0.81031,1,1,0.995,0.99298,0.15765,0.10751,0.77858,0.0005447,0.0005447,0.0005447
296,2626.24,0.22379,0.15982,0.81227,1,1,0.995,0.99306,0.16277,0.11527,0.7787,0.00053975,0.00053975,0.00053975
297,2634.97,0.22229,0.16283,0.8109,0.99967,1,0.995,0.99353,0.15965,0.1051,0.77905,0.0005348,0.0005348,0.0005348
298,2643.46,0.21501,0.15337,0.80455,0.99967,1,0.995,0.9927,0.15872,0.10278,0.77811,0.00052985,0.00052985,0.00052985
299,2651.97,0.22313,0.15885,0.80832,0.99964,1,0.995,0.9929,0.16252,0.10578,0.77926,0.0005249,0.0005249,0.0005249
300,2660.49,0.22048,0.15715,0.81188,0.99964,1,0.995,0.9897,0.17379,0.11108,0.78045,0.00051995,0.00051995,0.00051995
301,2668.99,0.20933,0.15182,0.81404,0.99966,1,0.995,0.99086,0.16808,0.10606,0.77919,0.000515,0.000515,0.000515
302,2677.52,0.20518,0.15072,0.8059,0.99966,1,0.995,0.99268,0.1711,0.10879,0.77881,0.00051005,0.00051005,0.00051005
303,2686.03,0.21872,0.15828,0.80958,0.99967,1,0.995,0.99266,0.16495,0.10174,0.77876,0.0005051,0.0005051,0.0005051
304,2694.54,0.21495,0.15559,0.80395,0.99967,1,0.995,0.99348,0.16583,0.10431,0.77922,0.00050015,0.00050015,0.00050015
305,2703.14,0.21769,0.15579,0.80825,0.99966,1,0.995,0.99174,0.17421,0.10709,0.77964,0.0004952,0.0004952,0.0004952
306,2711.74,0.21957,0.15009,0.80767,0.99967,1,0.995,0.99075,0.17012,0.10994,0.78001,0.00049025,0.00049025,0.00049025
307,2720.31,0.21233,0.15059,0.80711,0.99967,1,0.995,0.99194,0.16617,0.10715,0.77907,0.0004853,0.0004853,0.0004853
308,2728.98,0.22168,0.15615,0.80425,1,1,0.995,0.99286,0.15751,0.10516,0.77858,0.00048035,0.00048035,0.00048035
309,2737.77,0.21561,0.15195,0.80244,0.99967,1,0.995,0.99366,0.16643,0.10129,0.77973,0.0004754,0.0004754,0.0004754
310,2746.54,0.21771,0.15466,0.80722,0.99966,1,0.995,0.9923,0.16844,0.10472,0.77959,0.00047045,0.00047045,0.00047045
311,2755.43,0.208,0.15219,0.80362,0.99967,1,0.995,0.99268,0.16532,0.10457,0.77986,0.0004655,0.0004655,0.0004655
312,2763.9,0.21167,0.148,0.80725,0.99967,1,0.995,0.99228,0.16666,0.10263,0.78072,0.00046055,0.00046055,0.00046055
313,2772.39,0.21774,0.16159,0.80812,0.99966,1,0.995,0.9901,0.16808,0.11328,0.78146,0.0004556,0.0004556,0.0004556
314,2780.9,0.21232,0.15305,0.80343,0.99964,1,0.995,0.99412,0.16179,0.11191,0.78106,0.00045065,0.00045065,0.00045065
315,2789.47,0.21341,0.15329,0.7977,0.99965,1,0.995,0.99246,0.16855,0.12069,0.78053,0.0004457,0.0004457,0.0004457
316,2798.14,0.21681,0.1534,0.80414,0.99967,1,0.995,0.9907,0.16213,0.11451,0.77846,0.00044075,0.00044075,0.00044075
317,2806.9,0.21948,0.1562,0.80938,0.99966,1,0.995,0.99399,0.16017,0.11112,0.78087,0.0004358,0.0004358,0.0004358
318,2815.61,0.21281,0.15413,0.80589,1,1,0.995,0.99279,0.16667,0.11219,0.78051,0.00043085,0.00043085,0.00043085
319,2824.1,0.21608,0.14864,0.80519,0.99967,1,0.995,0.99329,0.1689,0.10983,0.78075,0.0004259,0.0004259,0.0004259
320,2832.59,0.21889,0.15616,0.80906,0.99966,1,0.995,0.99284,0.16616,0.10694,0.77923,0.00042095,0.00042095,0.00042095
321,2841.08,0.20855,0.15056,0.80434,0.99967,1,0.995,0.99409,0.16255,0.10648,0.77929,0.000416,0.000416,0.000416
322,2849.63,0.21016,0.14851,0.80395,0.99967,1,0.995,0.99418,0.15852,0.10703,0.77959,0.00041105,0.00041105,0.00041105
323,2858.21,0.21,0.15339,0.80332,0.99967,1,0.995,0.99282,0.16092,0.11064,0.77908,0.0004061,0.0004061,0.0004061
324,2866.83,0.21143,0.15208,0.80578,1,1,0.995,0.9924,0.16764,0.10954,0.78015,0.00040115,0.00040115,0.00040115
325,2875.44,0.21336,0.15374,0.80056,1,1,0.995,0.9943,0.15815,0.11486,0.78122,0.0003962,0.0003962,0.0003962
326,2884.06,0.21003,0.15048,0.80037,0.99966,1,0.995,0.99421,0.16317,0.11495,0.78222,0.00039125,0.00039125,0.00039125
327,2892.66,0.21177,0.15067,0.814,0.99967,1,0.995,0.99324,0.15802,0.10745,0.77949,0.0003863,0.0003863,0.0003863
328,2901.22,0.20844,0.14929,0.80437,1,1,0.995,0.99409,0.16133,0.11042,0.77922,0.00038135,0.00038135,0.00038135
329,2909.8,0.20962,0.15182,0.80828,1,1,0.995,0.99105,0.15778,0.10238,0.77892,0.0003764,0.0003764,0.0003764
330,2918.34,0.20839,0.1495,0.80936,1,1,0.995,0.99194,0.15918,0.10025,0.77914,0.00037145,0.00037145,0.00037145
331,2926.86,0.20739,0.14901,0.80343,0.99967,1,0.995,0.99311,0.15889,0.1006,0.77824,0.0003665,0.0003665,0.0003665
332,2935.38,0.20385,0.14611,0.80379,1,1,0.995,0.99298,0.15258,0.10193,0.77796,0.00036155,0.00036155,0.00036155
333,2943.96,0.20263,0.14588,0.80979,1,1,0.995,0.99425,0.16793,0.10428,0.77927,0.0003566,0.0003566,0.0003566
334,2952.46,0.21455,0.15141,0.80507,1,1,0.995,0.99423,0.15987,0.1037,0.77978,0.00035165,0.00035165,0.00035165
335,2961.05,0.20315,0.14858,0.80289,0.99967,1,0.995,0.99428,0.16426,0.10564,0.78029,0.0003467,0.0003467,0.0003467
336,2969.62,0.2094,0.1479,0.80669,1,1,0.995,0.99373,0.1573,0.10423,0.77797,0.00034175,0.00034175,0.00034175
337,2978.21,0.20512,0.14553,0.80818,1,1,0.995,0.99376,0.15784,0.10388,0.77861,0.0003368,0.0003368,0.0003368
338,2986.85,0.21479,0.14942,0.8035,1,1,0.995,0.99147,0.15988,0.10767,0.77861,0.00033185,0.00033185,0.00033185
339,2995.42,0.19899,0.14671,0.80269,1,1,0.995,0.99292,0.15584,0.1032,0.77853,0.0003269,0.0003269,0.0003269
340,3003.9,0.20573,0.14372,0.8006,1,1,0.995,0.99406,0.155,0.09633,0.77831,0.00032195,0.00032195,0.00032195
341,3012.46,0.20243,0.14245,0.80147,1,1,0.995,0.99405,0.15562,0.09906,0.778,0.000317,0.000317,0.000317
342,3021.01,0.19895,0.14092,0.79854,1,1,0.995,0.99257,0.15828,0.10022,0.77815,0.00031205,0.00031205,0.00031205
343,3029.55,0.19965,0.14344,0.8101,1,1,0.995,0.99265,0.16438,0.10309,0.77899,0.0003071,0.0003071,0.0003071
344,3038.08,0.20417,0.14293,0.80512,1,1,0.995,0.99407,0.15806,0.10089,0.77837,0.00030215,0.00030215,0.00030215
345,3046.57,0.19917,0.13975,0.80212,1,1,0.995,0.99323,0.15406,0.09954,0.77849,0.0002972,0.0002972,0.0002972
346,3055.08,0.19192,0.13822,0.80274,1,1,0.995,0.99398,0.15724,0.09922,0.77919,0.00029225,0.00029225,0.00029225
347,3063.69,0.19653,0.13954,0.80174,1,1,0.995,0.99404,0.15323,0.09847,0.77814,0.0002873,0.0002873,0.0002873
348,3072.32,0.2016,0.14399,0.80784,1,1,0.995,0.99145,0.16312,0.10315,0.77871,0.00028235,0.00028235,0.00028235
349,3080.87,0.1963,0.14052,0.80271,1,1,0.995,0.99329,0.16724,0.09821,0.7794,0.0002774,0.0002774,0.0002774
350,3089.54,0.20176,0.14502,0.80668,1,1,0.995,0.99347,0.15176,0.09459,0.77849,0.00027245,0.00027245,0.00027245
351,3098.27,0.20274,0.14295,0.81017,0.99967,1,0.995,0.99349,0.15913,0.09869,0.77719,0.0002675,0.0002675,0.0002675
352,3106.91,0.20577,0.14203,0.80333,0.99967,1,0.995,0.99298,0.15862,0.09876,0.77766,0.00026255,0.00026255,0.00026255
353,3115.75,0.20843,0.14618,0.81127,0.99967,1,0.995,0.99091,0.15399,0.10041,0.77712,0.0002576,0.0002576,0.0002576
354,3124.28,0.19516,0.14416,0.80152,1,1,0.995,0.99327,0.1533,0.09691,0.77721,0.00025265,0.00025265,0.00025265
355,3132.77,0.20116,0.14232,0.80814,1,1,0.995,0.99328,0.15778,0.096,0.77837,0.0002477,0.0002477,0.0002477
356,3141.27,0.18981,0.13859,0.80685,1,1,0.995,0.99295,0.15505,0.0968,0.77755,0.00024275,0.00024275,0.00024275
357,3149.81,0.19953,0.13966,0.80093,0.99967,1,0.995,0.99339,0.15249,0.0927,0.77787,0.0002378,0.0002378,0.0002378
358,3158.49,0.20112,0.13621,0.80897,0.99967,1,0.995,0.9942,0.15269,0.09347,0.77779,0.00023285,0.00023285,0.00023285
359,3167.11,0.195,0.138,0.80473,0.99967,1,0.995,0.99442,0.15486,0.0979,0.7777,0.0002279,0.0002279,0.0002279
360,3175.81,0.19552,0.13797,0.80594,0.99967,1,0.995,0.99448,0.15344,0.09926,0.77784,0.00022295,0.00022295,0.00022295
361,3184.59,0.19947,0.14,0.80943,0.99967,1,0.995,0.9934,0.16134,0.10207,0.77813,0.000218,0.000218,0.000218
362,3193.13,0.19267,0.13676,0.81111,0.99967,1,0.995,0.99432,0.15462,0.09313,0.77781,0.00021305,0.00021305,0.00021305
363,3201.62,0.19466,0.13818,0.80867,0.99967,1,0.995,0.9942,0.16031,0.09836,0.77832,0.0002081,0.0002081,0.0002081
364,3210.16,0.19943,0.13881,0.81011,0.99967,1,0.995,0.9933,0.15543,0.09383,0.77846,0.00020315,0.00020315,0.00020315
365,3218.76,0.19257,0.13495,0.79818,1,1,0.995,0.99407,0.15316,0.09337,0.77856,0.0001982,0.0001982,0.0001982
366,3227.3,0.20079,0.14001,0.81404,1,1,0.995,0.99325,0.14903,0.09562,0.77754,0.00019325,0.00019325,0.00019325
367,3235.91,0.19296,0.13431,0.80786,1,1,0.995,0.99409,0.15179,0.09433,0.7777,0.0001883,0.0001883,0.0001883
368,3244.52,0.18948,0.13321,0.80241,1,1,0.995,0.99417,0.1481,0.09225,0.77718,0.00018335,0.00018335,0.00018335
